{
    "KType": "S",
    "maxSpatialDistance": 200.0,
    "maxTemporalDistance": 20,
    "temporalUnit": "MONTHS",
    "estimationTime": 1883,
    "simulationTime": 2505,
    "numPartitions": 11,
    "kest": [
        0.0,
        19915.88907143064,
        19982.939624911476,
        20085.462618375772,
        20314.018236993234,
        20405.508765004808,
        20514.247138787086,
        20609.159966165596,
        20722.709865366658,
        20885.664608833136,
        21050.90324254078,
        21178.86598344412,
        21302.63723457349,
        21414.862591632384,
        21551.139053501745,
        21698.20177307718,
        21848.37474987372,
        22017.711829710355,
        22167.11809397516,
        22365.981181646475,
        22581.57371656531
    ],
    "kmin": [
        0.0,
        16808.24707976201,
        16949.21641162977,
        17149.721401621988,
        17469.990487294268,
        17692.43322678674,
        17889.05818572806,
        18075.32783202473,
        18351.67277179194,
        18595.55208174338,
        18895.336905250726,
        19061.191779618082,
        19309.78597641132,
        19539.840677933043,
        19831.446396417297,
        20087.300667736876,
        20342.43263978259,
        20747.875155634436,
        21052.279872785704,
        21380.821802006598,
        21735.991688190457
    ],
    "kmax": [
        0.0,
        20387.797740578666,
        20478.344716763953,
        20615.180409675497,
        20933.08970380689,
        21103.808652922286,
        21216.52798414783,
        21352.724166334105,
        21579.392081736452,
        21833.33830788403,
        22082.717173231256,
        22234.201156262952,
        22461.808917182723,
        22687.758629185562,
        22909.83905667838,
        23131.685772469347,
        23314.46441016359,
        23680.664054781733,
        23957.993476935302,
        24262.27355821989,
        24549.92724485724
    ]
}